,continent,location,date,total_cases,new_cases,total_deaths,new_deaths,population,total_tests,total_vaccinations,people_vaccinated,fatality_rate,pct_pop_infected,mortality_rate
76616,Africa,Nigeria,2020-02-28,1.0,1.0,,,211400704.0,,,,,0.0,
76617,Africa,Nigeria,2020-02-29,1.0,0.0,,,211400704.0,,,,,0.0,
76618,Africa,Nigeria,2020-03-01,1.0,0.0,,,211400704.0,,,,,0.0,
76619,Africa,Nigeria,2020-03-02,1.0,0.0,,,211400704.0,,,,,0.0,
76620,Africa,Nigeria,2020-03-03,1.0,0.0,,,211400704.0,,,,,0.0,
76621,Africa,Nigeria,2020-03-04,1.0,0.0,,,211400704.0,,,,,0.0,
76622,Africa,Nigeria,2020-03-05,1.0,0.0,,,211400704.0,,,,,0.0,
76623,Africa,Nigeria,2020-03-06,1.0,0.0,,,211400704.0,,,,,0.0,
76624,Africa,Nigeria,2020-03-07,1.0,0.0,,,211400704.0,,,,,0.0,
76625,Africa,Nigeria,2020-03-08,1.0,0.0,,,211400704.0,,,,,0.0,
76626,Africa,Nigeria,2020-03-09,2.0,1.0,,,211400704.0,,,,,0.0,
76627,Africa,Nigeria,2020-03-10,2.0,0.0,,,211400704.0,,,,,0.0,
76628,Africa,Nigeria,2020-03-11,2.0,0.0,,,211400704.0,,,,,0.0,
76629,Africa,Nigeria,2020-03-12,2.0,0.0,,,211400704.0,,,,,0.0,
76630,Africa,Nigeria,2020-03-13,2.0,0.0,,,211400704.0,,,,,0.0,
76631,Africa,Nigeria,2020-03-14,2.0,0.0,,,211400704.0,,,,,0.0,
76632,Africa,Nigeria,2020-03-15,2.0,0.0,,,211400704.0,,,,,0.0,
76633,Africa,Nigeria,2020-03-16,2.0,0.0,,,211400704.0,,,,,0.0,
76634,Africa,Nigeria,2020-03-17,3.0,1.0,,,211400704.0,,,,,0.0,
76635,Africa,Nigeria,2020-03-18,8.0,5.0,,,211400704.0,,,,,0.0,
76636,Africa,Nigeria,2020-03-19,8.0,0.0,,,211400704.0,,,,,0.0,
76637,Africa,Nigeria,2020-03-20,12.0,4.0,,,211400704.0,,,,,0.0,
76638,Africa,Nigeria,2020-03-21,22.0,10.0,,,211400704.0,,,,,0.0,
76639,Africa,Nigeria,2020-03-22,30.0,8.0,,,211400704.0,,,,,0.0,
76640,Africa,Nigeria,2020-03-23,40.0,10.0,1.0,1.0,211400704.0,,,,2.5,0.0,0.0
76641,Africa,Nigeria,2020-03-24,44.0,4.0,1.0,0.0,211400704.0,,,,2.27,0.0,0.0
76642,Africa,Nigeria,2020-03-25,51.0,7.0,1.0,0.0,211400704.0,,,,1.96,0.0,0.0
76643,Africa,Nigeria,2020-03-26,65.0,14.0,1.0,0.0,211400704.0,,,,1.54,0.0,0.0
76644,Africa,Nigeria,2020-03-27,70.0,5.0,1.0,0.0,211400704.0,,,,1.43,0.0,0.0
76645,Africa,Nigeria,2020-03-28,89.0,19.0,1.0,0.0,211400704.0,,,,1.12,0.0,0.0
76646,Africa,Nigeria,2020-03-29,111.0,22.0,1.0,0.0,211400704.0,,,,0.9,0.0,0.0
76647,Africa,Nigeria,2020-03-30,131.0,20.0,2.0,1.0,211400704.0,,,,1.53,0.0,0.0
76648,Africa,Nigeria,2020-03-31,135.0,4.0,2.0,0.0,211400704.0,,,,1.48,0.0,0.0
76649,Africa,Nigeria,2020-04-01,174.0,39.0,2.0,0.0,211400704.0,,,,1.15,0.0,0.0
76650,Africa,Nigeria,2020-04-02,184.0,10.0,2.0,0.0,211400704.0,,,,1.09,0.0,0.0
76651,Africa,Nigeria,2020-04-03,210.0,26.0,4.0,2.0,211400704.0,,,,1.9,0.0,0.0
76652,Africa,Nigeria,2020-04-04,214.0,4.0,4.0,0.0,211400704.0,,,,1.87,0.0,0.0
76653,Africa,Nigeria,2020-04-05,232.0,18.0,5.0,1.0,211400704.0,,,,2.16,0.0,0.0
76654,Africa,Nigeria,2020-04-06,238.0,6.0,5.0,0.0,211400704.0,,,,2.1,0.0,0.0
76655,Africa,Nigeria,2020-04-07,254.0,16.0,6.0,1.0,211400704.0,,,,2.36,0.0,0.0
76656,Africa,Nigeria,2020-04-08,276.0,22.0,6.0,0.0,211400704.0,5000.0,,,2.17,0.0,0.0
76657,Africa,Nigeria,2020-04-09,288.0,12.0,7.0,1.0,211400704.0,,,,2.43,0.0,0.0
76658,Africa,Nigeria,2020-04-10,305.0,17.0,7.0,0.0,211400704.0,,,,2.3,0.0,0.0
76659,Africa,Nigeria,2020-04-11,318.0,13.0,10.0,3.0,211400704.0,,,,3.14,0.0,0.0
76660,Africa,Nigeria,2020-04-12,323.0,5.0,10.0,0.0,211400704.0,,,,3.1,0.0,0.0
76661,Africa,Nigeria,2020-04-13,343.0,20.0,10.0,0.0,211400704.0,,,,2.92,0.0,0.0
76662,Africa,Nigeria,2020-04-14,373.0,30.0,11.0,1.0,211400704.0,,,,2.95,0.0,0.0
76663,Africa,Nigeria,2020-04-15,407.0,34.0,12.0,1.0,211400704.0,,,,2.95,0.0,0.0
76664,Africa,Nigeria,2020-04-16,442.0,35.0,13.0,1.0,211400704.0,6649.0,,,2.94,0.0,0.0
76665,Africa,Nigeria,2020-04-17,493.0,51.0,17.0,4.0,211400704.0,7153.0,,,3.45,0.0,0.0
76666,Africa,Nigeria,2020-04-18,542.0,49.0,19.0,2.0,211400704.0,,,,3.51,0.0,0.0
76667,Africa,Nigeria,2020-04-19,627.0,85.0,21.0,2.0,211400704.0,,,,3.35,0.0,0.0
76668,Africa,Nigeria,2020-04-20,665.0,38.0,22.0,1.0,211400704.0,,,,3.31,0.0,0.0
76669,Africa,Nigeria,2020-04-21,665.0,0.0,22.0,0.0,211400704.0,,,,3.31,0.0,0.0
76670,Africa,Nigeria,2020-04-22,873.0,208.0,28.0,6.0,211400704.0,,,,3.21,0.0,0.0
76671,Africa,Nigeria,2020-04-23,981.0,108.0,31.0,3.0,211400704.0,10061.0,,,3.16,0.0,0.0
76672,Africa,Nigeria,2020-04-24,1095.0,114.0,32.0,1.0,211400704.0,,,,2.92,0.0,0.0
76673,Africa,Nigeria,2020-04-25,1182.0,87.0,35.0,3.0,211400704.0,10918.0,,,2.96,0.0,0.0
76674,Africa,Nigeria,2020-04-26,1273.0,91.0,40.0,5.0,211400704.0,,,,3.14,0.0,0.0
76675,Africa,Nigeria,2020-04-27,1337.0,64.0,40.0,0.0,211400704.0,,,,2.99,0.0,0.0
76676,Africa,Nigeria,2020-04-28,1532.0,195.0,44.0,4.0,211400704.0,12004.0,,,2.87,0.0,0.0
76677,Africa,Nigeria,2020-04-29,1728.0,196.0,51.0,7.0,211400704.0,12828.0,,,2.95,0.0,0.0
76678,Africa,Nigeria,2020-04-30,1932.0,204.0,58.0,7.0,211400704.0,,,,3.0,0.0,0.0
76679,Africa,Nigeria,2020-05-01,2170.0,238.0,68.0,10.0,211400704.0,15759.0,,,3.13,0.0,0.0
76680,Africa,Nigeria,2020-05-02,2388.0,218.0,85.0,17.0,211400704.0,,,,3.56,0.0,0.0
76681,Africa,Nigeria,2020-05-03,2558.0,170.0,87.0,2.0,211400704.0,16588.0,,,3.4,0.0,0.0
76682,Africa,Nigeria,2020-05-04,2802.0,244.0,93.0,6.0,211400704.0,18536.0,,,3.32,0.0,0.0
76683,Africa,Nigeria,2020-05-05,2950.0,148.0,98.0,5.0,211400704.0,19512.0,,,3.32,0.0,0.0
76684,Africa,Nigeria,2020-05-06,3145.0,195.0,103.0,5.0,211400704.0,21208.0,,,3.28,0.0,0.0
76685,Africa,Nigeria,2020-05-07,3526.0,381.0,107.0,4.0,211400704.0,22492.0,,,3.03,0.0,0.0
76686,Africa,Nigeria,2020-05-08,3912.0,386.0,117.0,10.0,211400704.0,23835.0,,,2.99,0.0,0.0
76687,Africa,Nigeria,2020-05-09,4151.0,239.0,128.0,11.0,211400704.0,,,,3.08,0.0,0.0
76688,Africa,Nigeria,2020-05-10,4399.0,248.0,143.0,15.0,211400704.0,,,,3.25,0.0,0.0
76689,Africa,Nigeria,2020-05-11,4641.0,242.0,150.0,7.0,211400704.0,27078.0,,,3.23,0.0,0.0
76690,Africa,Nigeria,2020-05-12,4787.0,146.0,158.0,8.0,211400704.0,28418.0,,,3.3,0.0,0.0
76691,Africa,Nigeria,2020-05-13,4971.0,184.0,164.0,6.0,211400704.0,29408.0,,,3.3,0.0,0.0
76692,Africa,Nigeria,2020-05-14,5162.0,191.0,167.0,3.0,211400704.0,30657.0,,,3.24,0.0,0.0
76693,Africa,Nigeria,2020-05-15,5450.0,288.0,171.0,4.0,211400704.0,,,,3.14,0.0,0.0
76694,Africa,Nigeria,2020-05-16,5621.0,171.0,176.0,5.0,211400704.0,32942.0,,,3.13,0.0,0.0
76695,Africa,Nigeria,2020-05-17,5959.0,338.0,182.0,6.0,211400704.0,33970.0,,,3.05,0.0,0.0
76696,Africa,Nigeria,2020-05-18,6175.0,216.0,191.0,9.0,211400704.0,35345.0,,,3.09,0.0,0.0
76697,Africa,Nigeria,2020-05-19,6401.0,226.0,192.0,1.0,211400704.0,36899.0,,,3.0,0.0,0.0
76698,Africa,Nigeria,2020-05-20,6677.0,276.0,200.0,8.0,211400704.0,38231.0,,,3.0,0.0,0.0
76699,Africa,Nigeria,2020-05-21,7016.0,339.0,211.0,11.0,211400704.0,,,,3.01,0.0,0.0
76700,Africa,Nigeria,2020-05-22,7261.0,245.0,221.0,10.0,211400704.0,41907.0,,,3.04,0.0,0.0
76701,Africa,Nigeria,2020-05-23,7526.0,265.0,221.0,0.0,211400704.0,43328.0,,,2.94,0.0,0.0
76702,Africa,Nigeria,2020-05-24,7839.0,313.0,226.0,5.0,211400704.0,44458.0,,,2.88,0.0,0.0
76703,Africa,Nigeria,2020-05-25,8068.0,229.0,233.0,7.0,211400704.0,45683.0,,,2.89,0.0,0.0
76704,Africa,Nigeria,2020-05-26,8344.0,276.0,249.0,16.0,211400704.0,46803.0,,,2.98,0.0,0.0
76705,Africa,Nigeria,2020-05-27,8733.0,389.0,254.0,5.0,211400704.0,48544.0,,,2.91,0.0,0.0
76706,Africa,Nigeria,2020-05-28,8915.0,182.0,259.0,5.0,211400704.0,49966.0,,,2.91,0.0,0.0
76707,Africa,Nigeria,2020-05-29,9302.0,387.0,261.0,2.0,211400704.0,58726.0,,,2.81,0.0,0.0
76708,Africa,Nigeria,2020-05-30,9855.0,553.0,273.0,12.0,211400704.0,60825.0,,,2.77,0.0,0.0
76709,Africa,Nigeria,2020-05-31,10162.0,307.0,287.0,14.0,211400704.0,,,,2.82,0.0,0.0
76710,Africa,Nigeria,2020-06-01,10578.0,416.0,299.0,12.0,211400704.0,63882.0,,,2.83,0.01,0.0
76711,Africa,Nigeria,2020-06-02,10819.0,241.0,314.0,15.0,211400704.0,65885.0,,,2.9,0.01,0.0
76712,Africa,Nigeria,2020-06-03,11166.0,347.0,315.0,1.0,211400704.0,69801.0,,,2.82,0.01,0.0
76713,Africa,Nigeria,2020-06-04,11516.0,350.0,323.0,8.0,211400704.0,71336.0,,,2.8,0.01,0.0
76714,Africa,Nigeria,2020-06-05,11844.0,328.0,333.0,10.0,211400704.0,73064.0,,,2.81,0.01,0.0
76715,Africa,Nigeria,2020-06-06,12233.0,389.0,342.0,9.0,211400704.0,74999.0,,,2.8,0.01,0.0
76716,Africa,Nigeria,2020-06-07,12486.0,253.0,354.0,12.0,211400704.0,76802.0,,,2.84,0.01,0.0
76717,Africa,Nigeria,2020-06-08,12801.0,315.0,361.0,7.0,211400704.0,78244.0,,,2.82,0.01,0.0
76718,Africa,Nigeria,2020-06-09,13464.0,663.0,365.0,4.0,211400704.0,79948.0,,,2.71,0.01,0.0
76719,Africa,Nigeria,2020-06-10,13873.0,409.0,382.0,17.0,211400704.0,82935.0,,,2.75,0.01,0.0
76720,Africa,Nigeria,2020-06-11,14554.0,681.0,387.0,5.0,211400704.0,85375.0,,,2.66,0.01,0.0
76721,Africa,Nigeria,2020-06-12,15181.0,627.0,399.0,12.0,211400704.0,,,,2.63,0.01,0.0
76722,Africa,Nigeria,2020-06-13,15682.0,501.0,407.0,8.0,211400704.0,90464.0,,,2.6,0.01,0.0
76723,Africa,Nigeria,2020-06-14,16085.0,403.0,420.0,13.0,211400704.0,92924.0,,,2.61,0.01,0.0
76724,Africa,Nigeria,2020-06-15,16658.0,573.0,424.0,4.0,211400704.0,94323.0,,,2.55,0.01,0.0
76725,Africa,Nigeria,2020-06-16,17148.0,490.0,455.0,31.0,211400704.0,96402.0,,,2.65,0.01,0.0
76726,Africa,Nigeria,2020-06-17,17735.0,587.0,469.0,14.0,211400704.0,,,,2.64,0.01,0.0
76727,Africa,Nigeria,2020-06-18,18480.0,745.0,475.0,6.0,211400704.0,106006.0,,,2.57,0.01,0.0
76728,Africa,Nigeria,2020-06-19,19147.0,667.0,487.0,12.0,211400704.0,108548.0,,,2.54,0.01,0.0
76729,Africa,Nigeria,2020-06-20,19808.0,661.0,506.0,19.0,211400704.0,111052.0,,,2.55,0.01,0.0
76730,Africa,Nigeria,2020-06-21,20244.0,436.0,518.0,12.0,211400704.0,113575.0,,,2.56,0.01,0.0
76731,Africa,Nigeria,2020-06-22,20919.0,675.0,525.0,7.0,211400704.0,115760.0,,,2.51,0.01,0.0
76732,Africa,Nigeria,2020-06-23,21371.0,452.0,533.0,8.0,211400704.0,117569.0,,,2.49,0.01,0.0
76733,Africa,Nigeria,2020-06-24,22020.0,649.0,542.0,9.0,211400704.0,120108.0,,,2.46,0.01,0.0
76734,Africa,Nigeria,2020-06-25,22614.0,594.0,549.0,7.0,211400704.0,122155.0,,,2.43,0.01,0.0
76735,Africa,Nigeria,2020-06-26,23298.0,684.0,554.0,5.0,211400704.0,,,,2.38,0.01,0.0
76736,Africa,Nigeria,2020-06-27,24077.0,779.0,558.0,4.0,211400704.0,127158.0,,,2.32,0.01,0.0
76737,Africa,Nigeria,2020-06-28,24567.0,490.0,565.0,7.0,211400704.0,130164.0,,,2.3,0.01,0.0
76738,Africa,Nigeria,2020-06-29,25133.0,566.0,573.0,8.0,211400704.0,132304.0,,,2.28,0.01,0.0
76739,Africa,Nigeria,2020-06-30,25694.0,561.0,590.0,17.0,211400704.0,134257.0,,,2.3,0.01,0.0
76740,Africa,Nigeria,2020-07-01,26484.0,790.0,603.0,13.0,211400704.0,138462.0,,,2.28,0.01,0.0
76741,Africa,Nigeria,2020-07-02,27110.0,626.0,616.0,13.0,211400704.0,141525.0,,,2.27,0.01,0.0
76742,Africa,Nigeria,2020-07-03,27564.0,454.0,628.0,12.0,211400704.0,144833.0,,,2.28,0.01,0.0
76743,Africa,Nigeria,2020-07-04,28167.0,603.0,634.0,6.0,211400704.0,148188.0,,,2.25,0.01,0.0
76744,Africa,Nigeria,2020-07-05,28711.0,544.0,645.0,11.0,211400704.0,151121.0,,,2.25,0.01,0.0
76745,Africa,Nigeria,2020-07-06,29286.0,575.0,654.0,9.0,211400704.0,152952.0,,,2.23,0.01,0.0
76746,Africa,Nigeria,2020-07-07,29789.0,503.0,669.0,15.0,211400704.0,,,,2.25,0.01,0.0
76747,Africa,Nigeria,2020-07-08,30249.0,460.0,684.0,15.0,211400704.0,169629.0,,,2.26,0.01,0.0
76748,Africa,Nigeria,2020-07-09,30748.0,499.0,689.0,5.0,211400704.0,171931.0,,,2.24,0.01,0.0
76749,Africa,Nigeria,2020-07-10,31323.0,575.0,709.0,20.0,211400704.0,175656.0,,,2.26,0.01,0.0
76750,Africa,Nigeria,2020-07-11,31987.0,664.0,724.0,15.0,211400704.0,178265.0,,,2.26,0.02,0.0
76751,Africa,Nigeria,2020-07-12,32558.0,571.0,740.0,16.0,211400704.0,181248.0,,,2.27,0.02,0.0
76752,Africa,Nigeria,2020-07-13,33153.0,595.0,744.0,4.0,211400704.0,183294.0,,,2.24,0.02,0.0
76753,Africa,Nigeria,2020-07-14,33616.0,463.0,754.0,10.0,211400704.0,,,,2.24,0.02,0.0
76754,Africa,Nigeria,2020-07-15,34259.0,643.0,760.0,6.0,211400704.0,199016.0,,,2.22,0.02,0.0
76755,Africa,Nigeria,2020-07-16,34854.0,595.0,769.0,9.0,211400704.0,202097.0,,,2.21,0.02,0.0
76756,Africa,Nigeria,2020-07-17,35454.0,600.0,772.0,3.0,211400704.0,206422.0,,,2.18,0.02,0.0
76757,Africa,Nigeria,2020-07-18,36107.0,653.0,778.0,6.0,211400704.0,209446.0,,,2.15,0.02,0.0
76758,Africa,Nigeria,2020-07-19,36663.0,556.0,789.0,11.0,211400704.0,212201.0,,,2.15,0.02,0.0
76759,Africa,Nigeria,2020-07-20,37225.0,562.0,801.0,12.0,211400704.0,,,,2.15,0.02,0.0
76760,Africa,Nigeria,2020-07-21,37801.0,576.0,805.0,4.0,211400704.0,218223.0,,,2.13,0.02,0.0
76761,Africa,Nigeria,2020-07-22,38344.0,543.0,813.0,8.0,211400704.0,247825.0,,,2.12,0.02,0.0
76762,Africa,Nigeria,2020-07-23,38948.0,604.0,833.0,20.0,211400704.0,251893.0,,,2.14,0.02,0.0
76763,Africa,Nigeria,2020-07-24,39539.0,591.0,845.0,12.0,211400704.0,256038.0,,,2.14,0.02,0.0
76764,Africa,Nigeria,2020-07-25,39977.0,438.0,856.0,11.0,211400704.0,259516.0,,,2.14,0.02,0.0
76765,Africa,Nigeria,2020-07-26,40532.0,555.0,858.0,2.0,211400704.0,262579.0,,,2.12,0.02,0.0
76766,Africa,Nigeria,2020-07-27,41180.0,648.0,860.0,2.0,211400704.0,267842.0,,,2.09,0.02,0.0
76767,Africa,Nigeria,2020-07-28,41804.0,624.0,868.0,8.0,211400704.0,272748.0,,,2.08,0.02,0.0
76768,Africa,Nigeria,2020-07-29,42208.0,404.0,873.0,5.0,211400704.0,276053.0,,,2.07,0.02,0.0
76769,Africa,Nigeria,2020-07-30,42689.0,481.0,878.0,5.0,211400704.0,279675.0,,,2.06,0.02,0.0
76770,Africa,Nigeria,2020-07-31,43151.0,462.0,879.0,1.0,211400704.0,,,,2.04,0.02,0.0
76771,Africa,Nigeria,2020-08-01,43537.0,386.0,883.0,4.0,211400704.0,286091.0,,,2.03,0.02,0.0
76772,Africa,Nigeria,2020-08-02,43841.0,304.0,888.0,5.0,211400704.0,287532.0,,,2.03,0.02,0.0
76773,Africa,Nigeria,2020-08-03,44129.0,288.0,896.0,8.0,211400704.0,289133.0,,,2.03,0.02,0.0
76774,Africa,Nigeria,2020-08-04,44433.0,304.0,910.0,14.0,211400704.0,304221.0,,,2.05,0.02,0.0
76775,Africa,Nigeria,2020-08-05,44890.0,457.0,927.0,17.0,211400704.0,,,,2.07,0.02,0.0
76776,Africa,Nigeria,2020-08-06,45244.0,354.0,930.0,3.0,211400704.0,306894.0,,,2.06,0.02,0.0
76777,Africa,Nigeria,2020-08-07,45687.0,443.0,936.0,6.0,211400704.0,310729.0,,,2.05,0.02,0.0
76778,Africa,Nigeria,2020-08-08,46140.0,453.0,942.0,6.0,211400704.0,314632.0,,,2.04,0.02,0.0
76779,Africa,Nigeria,2020-08-09,46577.0,437.0,945.0,3.0,211400704.0,317496.0,,,2.03,0.02,0.0
76780,Africa,Nigeria,2020-08-10,46867.0,290.0,950.0,5.0,211400704.0,319851.0,,,2.03,0.02,0.0
76781,Africa,Nigeria,2020-08-11,47290.0,423.0,956.0,6.0,211400704.0,,,,2.02,0.02,0.0
76782,Africa,Nigeria,2020-08-12,47743.0,453.0,956.0,0.0,211400704.0,338084.0,,,2.0,0.02,0.0
76783,Africa,Nigeria,2020-08-13,48116.0,373.0,966.0,10.0,211400704.0,341421.0,,,2.01,0.02,0.0
76784,Africa,Nigeria,2020-08-14,48445.0,329.0,973.0,7.0,211400704.0,344397.0,,,2.01,0.02,0.0
76785,Africa,Nigeria,2020-08-15,48770.0,325.0,974.0,1.0,211400704.0,,,,2.0,0.02,0.0
76786,Africa,Nigeria,2020-08-16,49068.0,298.0,975.0,1.0,211400704.0,350589.0,,,1.99,0.02,0.0
76787,Africa,Nigeria,2020-08-17,49485.0,417.0,977.0,2.0,211400704.0,352625.0,,,1.97,0.02,0.0
76788,Africa,Nigeria,2020-08-18,49895.0,410.0,981.0,4.0,211400704.0,355196.0,,,1.97,0.02,0.0
76789,Africa,Nigeria,2020-08-19,50488.0,593.0,985.0,4.0,211400704.0,363331.0,,,1.95,0.02,0.0
76790,Africa,Nigeria,2020-08-20,50964.0,476.0,992.0,7.0,211400704.0,366244.0,,,1.95,0.02,0.0
76791,Africa,Nigeria,2020-08-21,51304.0,340.0,996.0,4.0,211400704.0,369904.0,,,1.94,0.02,0.0
76792,Africa,Nigeria,2020-08-22,51905.0,601.0,997.0,1.0,211400704.0,374077.0,,,1.92,0.02,0.0
76793,Africa,Nigeria,2020-08-23,52227.0,322.0,1002.0,5.0,211400704.0,378023.0,,,1.92,0.02,0.0
76794,Africa,Nigeria,2020-08-24,52548.0,321.0,1004.0,2.0,211400704.0,379542.0,,,1.91,0.02,0.0
76795,Africa,Nigeria,2020-08-25,52800.0,252.0,1007.0,3.0,211400704.0,383130.0,,,1.91,0.02,0.0
76796,Africa,Nigeria,2020-08-26,53021.0,221.0,1010.0,3.0,211400704.0,388346.0,,,1.9,0.03,0.0
76797,Africa,Nigeria,2020-08-27,53317.0,296.0,1011.0,1.0,211400704.0,391502.0,,,1.9,0.03,0.0
76798,Africa,Nigeria,2020-08-28,53477.0,160.0,1011.0,0.0,211400704.0,394524.0,,,1.89,0.03,0.0
76799,Africa,Nigeria,2020-08-29,53727.0,250.0,1011.0,0.0,211400704.0,398304.0,,,1.88,0.03,0.0
76800,Africa,Nigeria,2020-08-30,53865.0,138.0,1013.0,2.0,211400704.0,402070.0,,,1.88,0.03,0.0
76801,Africa,Nigeria,2020-08-31,54008.0,143.0,1013.0,0.0,211400704.0,403347.0,,,1.88,0.03,0.0
76802,Africa,Nigeria,2020-09-01,54247.0,239.0,1023.0,10.0,211400704.0,,,,1.89,0.03,0.0
76803,Africa,Nigeria,2020-09-02,54463.0,216.0,1027.0,4.0,211400704.0,411077.0,,,1.89,0.03,0.0
76804,Africa,Nigeria,2020-09-03,54588.0,125.0,1048.0,21.0,211400704.0,413265.0,,,1.92,0.03,0.0
76805,Africa,Nigeria,2020-09-04,54743.0,155.0,1051.0,3.0,211400704.0,,,,1.92,0.03,0.0
76806,Africa,Nigeria,2020-09-05,54905.0,162.0,1054.0,3.0,211400704.0,417398.0,,,1.92,0.03,0.0
76807,Africa,Nigeria,2020-09-06,55005.0,100.0,1057.0,3.0,211400704.0,420543.0,,,1.92,0.03,0.0
76808,Africa,Nigeria,2020-09-07,55160.0,155.0,1061.0,4.0,211400704.0,424186.0,,,1.92,0.03,0.0
76809,Africa,Nigeria,2020-09-08,55456.0,296.0,1067.0,6.0,211400704.0,426803.0,,,1.92,0.03,0.0
76810,Africa,Nigeria,2020-09-09,55632.0,176.0,1070.0,3.0,211400704.0,430712.0,,,1.92,0.03,0.0
76811,Africa,Nigeria,2020-09-10,55829.0,197.0,1075.0,5.0,211400704.0,433206.0,,,1.93,0.03,0.0
76812,Africa,Nigeria,2020-09-11,56017.0,188.0,1076.0,1.0,211400704.0,436231.0,,,1.92,0.03,0.0
76813,Africa,Nigeria,2020-09-12,56177.0,160.0,1078.0,2.0,211400704.0,438135.0,,,1.92,0.03,0.0
76814,Africa,Nigeria,2020-09-13,56256.0,79.0,1082.0,4.0,211400704.0,440248.0,,,1.92,0.03,0.0
76815,Africa,Nigeria,2020-09-14,56388.0,132.0,1083.0,1.0,211400704.0,442075.0,,,1.92,0.03,0.0
76816,Africa,Nigeria,2020-09-15,56478.0,90.0,1088.0,5.0,211400704.0,443987.0,,,1.93,0.03,0.0
76817,Africa,Nigeria,2020-09-16,56604.0,126.0,1091.0,3.0,211400704.0,,,,1.93,0.03,0.0
76818,Africa,Nigeria,2020-09-17,56735.0,131.0,1093.0,2.0,211400704.0,,,,1.93,0.03,0.0
76819,Africa,Nigeria,2020-09-18,56956.0,221.0,1094.0,1.0,211400704.0,472191.0,,,1.92,0.03,0.0
76820,Africa,Nigeria,2020-09-19,57145.0,189.0,1095.0,1.0,211400704.0,,,,1.92,0.03,0.0
76821,Africa,Nigeria,2020-09-20,57242.0,97.0,1098.0,3.0,211400704.0,,,,1.92,0.03,0.0
76822,Africa,Nigeria,2020-09-21,57437.0,195.0,1100.0,2.0,211400704.0,480874.0,,,1.92,0.03,0.0
76823,Africa,Nigeria,2020-09-22,57613.0,176.0,1100.0,0.0,211400704.0,,,,1.91,0.03,0.0
76824,Africa,Nigeria,2020-09-23,57724.0,111.0,1102.0,2.0,211400704.0,484051.0,,,1.91,0.03,0.0
76825,Africa,Nigeria,2020-09-24,57849.0,125.0,1102.0,0.0,211400704.0,,,,1.9,0.03,0.0
76826,Africa,Nigeria,2020-09-25,58062.0,213.0,1103.0,1.0,211400704.0,494577.0,,,1.9,0.03,0.0
76827,Africa,Nigeria,2020-09-26,58198.0,136.0,1106.0,3.0,211400704.0,502545.0,,,1.9,0.03,0.0
76828,Africa,Nigeria,2020-09-27,58324.0,126.0,1108.0,2.0,211400704.0,,,,1.9,0.03,0.0
76829,Africa,Nigeria,2020-09-28,58460.0,136.0,1111.0,3.0,211400704.0,507006.0,,,1.9,0.03,0.0
76830,Africa,Nigeria,2020-09-29,58647.0,187.0,1111.0,0.0,211400704.0,509555.0,,,1.89,0.03,0.0
76831,Africa,Nigeria,2020-09-30,58848.0,201.0,1112.0,1.0,211400704.0,,,,1.89,0.03,0.0
76832,Africa,Nigeria,2020-10-01,59001.0,153.0,1112.0,0.0,211400704.0,,,,1.88,0.03,0.0
76833,Africa,Nigeria,2020-10-02,59127.0,126.0,1112.0,0.0,211400704.0,,,,1.88,0.03,0.0
76834,Africa,Nigeria,2020-10-03,59287.0,160.0,1113.0,1.0,211400704.0,520797.0,,,1.88,0.03,0.0
76835,Africa,Nigeria,2020-10-04,59345.0,58.0,1113.0,0.0,211400704.0,532765.0,,,1.88,0.03,0.0
76836,Africa,Nigeria,2020-10-05,59465.0,120.0,1113.0,0.0,211400704.0,536695.0,,,1.87,0.03,0.0
76837,Africa,Nigeria,2020-10-06,59583.0,118.0,1113.0,0.0,211400704.0,,,,1.87,0.03,0.0
76838,Africa,Nigeria,2020-10-07,59738.0,155.0,1113.0,0.0,211400704.0,543415.0,,,1.86,0.03,0.0
76839,Africa,Nigeria,2020-10-08,59841.0,103.0,1113.0,0.0,211400704.0,545364.0,,,1.86,0.03,0.0
76840,Africa,Nigeria,2020-10-09,59992.0,151.0,1113.0,0.0,211400704.0,,,,1.86,0.03,0.0
76841,Africa,Nigeria,2020-10-10,60103.0,111.0,1115.0,2.0,211400704.0,551362.0,,,1.86,0.03,0.0
76842,Africa,Nigeria,2020-10-11,60266.0,163.0,1115.0,0.0,211400704.0,553037.0,,,1.85,0.03,0.0
76843,Africa,Nigeria,2020-10-12,60430.0,164.0,1115.0,0.0,211400704.0,554006.0,,,1.85,0.03,0.0
76844,Africa,Nigeria,2020-10-13,60655.0,225.0,1116.0,1.0,211400704.0,558313.0,,,1.84,0.03,0.0
76845,Africa,Nigeria,2020-10-14,60834.0,179.0,1116.0,0.0,211400704.0,564936.0,,,1.83,0.03,0.0
76846,Africa,Nigeria,2020-10-15,60982.0,148.0,1116.0,0.0,211400704.0,567857.0,,,1.83,0.03,0.0
76847,Africa,Nigeria,2020-10-16,61194.0,212.0,1119.0,3.0,211400704.0,572705.0,,,1.83,0.03,0.0
76848,Africa,Nigeria,2020-10-17,61307.0,113.0,1123.0,4.0,211400704.0,576184.0,,,1.83,0.03,0.0
76849,Africa,Nigeria,2020-10-18,61440.0,133.0,1125.0,2.0,211400704.0,578841.0,,,1.83,0.03,0.0
76850,Africa,Nigeria,2020-10-19,61558.0,118.0,1125.0,0.0,211400704.0,,,,1.83,0.03,0.0
76851,Africa,Nigeria,2020-10-20,61630.0,72.0,1125.0,0.0,211400704.0,590635.0,,,1.83,0.03,0.0
76852,Africa,Nigeria,2020-10-21,61667.0,37.0,1125.0,0.0,211400704.0,595283.0,,,1.82,0.03,0.0
76853,Africa,Nigeria,2020-10-22,61805.0,138.0,1127.0,2.0,211400704.0,,,,1.82,0.03,0.0
76854,Africa,Nigeria,2020-10-23,61882.0,77.0,1129.0,2.0,211400704.0,602239.0,,,1.82,0.03,0.0
76855,Africa,Nigeria,2020-10-24,61930.0,48.0,1129.0,0.0,211400704.0,,,,1.82,0.03,0.0
76856,Africa,Nigeria,2020-10-25,61992.0,62.0,1130.0,1.0,211400704.0,603611.0,,,1.82,0.03,0.0
76857,Africa,Nigeria,2020-10-26,62111.0,119.0,1132.0,2.0,211400704.0,612154.0,,,1.82,0.03,0.0
76858,Africa,Nigeria,2020-10-27,62224.0,113.0,1135.0,3.0,211400704.0,614480.0,,,1.82,0.03,0.0
76859,Africa,Nigeria,2020-10-28,62371.0,147.0,1139.0,4.0,211400704.0,617750.0,,,1.83,0.03,0.0
76860,Africa,Nigeria,2020-10-29,62521.0,150.0,1141.0,2.0,211400704.0,620758.0,,,1.82,0.03,0.0
76861,Africa,Nigeria,2020-10-30,62691.0,170.0,1144.0,3.0,211400704.0,,,,1.82,0.03,0.0
76862,Africa,Nigeria,2020-10-31,62853.0,162.0,1144.0,0.0,211400704.0,625510.0,,,1.82,0.03,0.0
76863,Africa,Nigeria,2020-11-01,62964.0,111.0,1146.0,2.0,211400704.0,627600.0,,,1.82,0.03,0.0
76864,Africa,Nigeria,2020-11-02,63036.0,72.0,1147.0,1.0,211400704.0,,,,1.82,0.03,0.0
76865,Africa,Nigeria,2020-11-03,63173.0,137.0,1151.0,4.0,211400704.0,,,,1.82,0.03,0.0
76866,Africa,Nigeria,2020-11-04,63328.0,155.0,1155.0,4.0,211400704.0,668729.0,,,1.82,0.03,0.0
76867,Africa,Nigeria,2020-11-05,63508.0,180.0,1155.0,0.0,211400704.0,673183.0,,,1.82,0.03,0.0
76868,Africa,Nigeria,2020-11-06,63731.0,223.0,1155.0,0.0,211400704.0,,,,1.81,0.03,0.0
76869,Africa,Nigeria,2020-11-07,63790.0,59.0,1155.0,0.0,211400704.0,681599.0,,,1.81,0.03,0.0
76870,Africa,Nigeria,2020-11-08,64090.0,300.0,1154.0,-1.0,211400704.0,686395.0,,,1.8,0.03,0.0
76871,Africa,Nigeria,2020-11-09,64184.0,94.0,1158.0,4.0,211400704.0,687952.0,,,1.8,0.03,0.0
76872,Africa,Nigeria,2020-11-10,64336.0,152.0,1160.0,2.0,211400704.0,,,,1.8,0.03,0.0
76873,Africa,Nigeria,2020-11-11,64516.0,180.0,1162.0,2.0,211400704.0,,,,1.8,0.03,0.0
76874,Africa,Nigeria,2020-11-12,64728.0,212.0,1162.0,0.0,211400704.0,697544.0,,,1.8,0.03,0.0
76875,Africa,Nigeria,2020-11-13,64884.0,156.0,1163.0,1.0,211400704.0,,,,1.79,0.03,0.0
76876,Africa,Nigeria,2020-11-14,64996.0,112.0,1163.0,0.0,211400704.0,705809.0,,,1.79,0.03,0.0
76877,Africa,Nigeria,2020-11-15,65148.0,152.0,1163.0,0.0,211400704.0,,,,1.79,0.03,0.0
76878,Africa,Nigeria,2020-11-16,65305.0,157.0,1163.0,0.0,211400704.0,,,,1.78,0.03,0.0
76879,Africa,Nigeria,2020-11-17,65457.0,152.0,1163.0,0.0,211400704.0,,,,1.78,0.03,0.0
76880,Africa,Nigeria,2020-11-18,65693.0,236.0,1163.0,0.0,211400704.0,721516.0,,,1.77,0.03,0.0
76881,Africa,Nigeria,2020-11-19,65839.0,146.0,1165.0,2.0,211400704.0,724794.0,,,1.77,0.03,0.0
76882,Africa,Nigeria,2020-11-20,65982.0,143.0,1165.0,0.0,211400704.0,728128.0,,,1.77,0.03,0.0
76883,Africa,Nigeria,2020-11-21,66228.0,246.0,1166.0,1.0,211400704.0,739216.0,,,1.76,0.03,0.0
76884,Africa,Nigeria,2020-11-22,66383.0,155.0,1167.0,1.0,211400704.0,743298.0,,,1.76,0.03,0.0
76885,Africa,Nigeria,2020-11-23,66439.0,56.0,1168.0,1.0,211400704.0,,,,1.76,0.03,0.0
76886,Africa,Nigeria,2020-11-24,66607.0,168.0,1169.0,1.0,211400704.0,749136.0,,,1.76,0.03,0.0
76887,Africa,Nigeria,2020-11-25,66805.0,198.0,1169.0,0.0,211400704.0,,,,1.75,0.03,0.0
76888,Africa,Nigeria,2020-11-26,66974.0,169.0,1169.0,0.0,211400704.0,756237.0,,,1.75,0.03,0.0
76889,Africa,Nigeria,2020-11-27,67220.0,246.0,1171.0,2.0,211400704.0,,,,1.74,0.03,0.0
76890,Africa,Nigeria,2020-11-28,67330.0,110.0,1171.0,0.0,211400704.0,,,,1.74,0.03,0.0
76891,Africa,Nigeria,2020-11-29,67412.0,82.0,1173.0,2.0,211400704.0,,,,1.74,0.03,0.0
76892,Africa,Nigeria,2020-11-30,67557.0,145.0,1173.0,0.0,211400704.0,,,,1.74,0.03,0.0
76893,Africa,Nigeria,2020-12-01,67838.0,281.0,1176.0,3.0,211400704.0,779708.0,,,1.73,0.03,0.0
76894,Africa,Nigeria,2020-12-02,67960.0,122.0,1177.0,1.0,211400704.0,,,,1.73,0.03,0.0
76895,Africa,Nigeria,2020-12-03,68303.0,343.0,1179.0,2.0,211400704.0,,,,1.73,0.03,0.0
76896,Africa,Nigeria,2020-12-04,68627.0,324.0,1179.0,0.0,211400704.0,791539.0,,,1.72,0.03,0.0
76897,Africa,Nigeria,2020-12-05,68937.0,310.0,1180.0,1.0,211400704.0,,,,1.71,0.03,0.0
76898,Africa,Nigeria,2020-12-06,69255.0,318.0,1180.0,0.0,211400704.0,,,,1.7,0.03,0.0
76899,Africa,Nigeria,2020-12-07,69645.0,390.0,1181.0,1.0,211400704.0,803621.0,,,1.7,0.03,0.0
76900,Africa,Nigeria,2020-12-08,70195.0,550.0,1182.0,1.0,211400704.0,817913.0,,,1.68,0.03,0.0
76901,Africa,Nigeria,2020-12-09,70669.0,474.0,1184.0,2.0,211400704.0,822231.0,,,1.68,0.03,0.0
76902,Africa,Nigeria,2020-12-10,71344.0,675.0,1190.0,6.0,211400704.0,829743.0,,,1.67,0.03,0.0
76903,Africa,Nigeria,2020-12-11,72140.0,796.0,1190.0,0.0,211400704.0,833755.0,,,1.65,0.03,0.0
76904,Africa,Nigeria,2020-12-12,72757.0,617.0,1194.0,4.0,211400704.0,838333.0,,,1.64,0.03,0.0
76905,Africa,Nigeria,2020-12-13,73175.0,418.0,1197.0,3.0,211400704.0,845458.0,,,1.64,0.03,0.0
76906,Africa,Nigeria,2020-12-14,73374.0,199.0,1197.0,0.0,211400704.0,848194.0,,,1.63,0.03,0.0
76907,Africa,Nigeria,2020-12-15,74132.0,758.0,1200.0,3.0,211400704.0,,,,1.62,0.04,0.0
76908,Africa,Nigeria,2020-12-16,75062.0,930.0,1200.0,0.0,211400704.0,859357.0,,,1.6,0.04,0.0
76909,Africa,Nigeria,2020-12-17,76207.0,1145.0,1201.0,1.0,211400704.0,864104.0,,,1.58,0.04,0.0
76910,Africa,Nigeria,2020-12-18,77013.0,806.0,1212.0,11.0,211400704.0,869362.0,,,1.57,0.04,0.0
76911,Africa,Nigeria,2020-12-19,77933.0,920.0,1218.0,6.0,211400704.0,874617.0,,,1.56,0.04,0.0
76912,Africa,Nigeria,2020-12-20,78434.0,501.0,1221.0,3.0,211400704.0,,,,1.56,0.04,0.0
76913,Africa,Nigeria,2020-12-21,78790.0,356.0,1227.0,6.0,211400704.0,893590.0,,,1.56,0.04,0.0
76914,Africa,Nigeria,2020-12-22,79789.0,999.0,1231.0,4.0,211400704.0,903800.0,,,1.54,0.04,0.0
76915,Africa,Nigeria,2020-12-23,80922.0,1133.0,1236.0,5.0,211400704.0,,,,1.53,0.04,0.0
76916,Africa,Nigeria,2020-12-24,81963.0,1041.0,1242.0,6.0,211400704.0,912114.0,,,1.52,0.04,0.0
76917,Africa,Nigeria,2020-12-25,82747.0,784.0,1246.0,4.0,211400704.0,,,,1.51,0.04,0.0
76918,Africa,Nigeria,2020-12-26,83576.0,829.0,1247.0,1.0,211400704.0,925215.0,,,1.49,0.04,0.0
76919,Africa,Nigeria,2020-12-27,84414.0,838.0,1254.0,7.0,211400704.0,,,,1.49,0.04,0.0
76920,Africa,Nigeria,2020-12-28,84811.0,397.0,1264.0,10.0,211400704.0,932327.0,,,1.49,0.04,0.0
76921,Africa,Nigeria,2020-12-29,85560.0,749.0,1267.0,3.0,211400704.0,937712.0,,,1.48,0.04,0.0
76922,Africa,Nigeria,2020-12-30,86576.0,1016.0,1278.0,11.0,211400704.0,938602.0,,,1.48,0.04,0.0
76923,Africa,Nigeria,2020-12-31,87607.0,1031.0,1289.0,11.0,211400704.0,948048.0,,,1.47,0.04,0.0
76924,Africa,Nigeria,2021-01-01,88587.0,980.0,1294.0,5.0,211400704.0,,,,1.46,0.04,0.0
76925,Africa,Nigeria,2021-01-02,89163.0,576.0,1302.0,8.0,211400704.0,952975.0,,,1.46,0.04,0.0
76926,Africa,Nigeria,2021-01-03,90080.0,917.0,1311.0,9.0,211400704.0,955429.0,,,1.46,0.04,0.0
76927,Africa,Nigeria,2021-01-04,91351.0,1271.0,1318.0,7.0,211400704.0,958911.0,,,1.44,0.04,0.0
76928,Africa,Nigeria,2021-01-05,92705.0,1354.0,1319.0,1.0,211400704.0,980046.0,,,1.42,0.04,0.0
76929,Africa,Nigeria,2021-01-06,94369.0,1664.0,1324.0,5.0,211400704.0,,,,1.4,0.04,0.0
76930,Africa,Nigeria,2021-01-07,95934.0,1565.0,1330.0,6.0,211400704.0,1004915.0,,,1.39,0.05,0.0
76931,Africa,Nigeria,2021-01-08,97478.0,1544.0,1342.0,12.0,211400704.0,1011584.0,,,1.38,0.05,0.0
76932,Africa,Nigeria,2021-01-09,99063.0,1585.0,1350.0,8.0,211400704.0,1018061.0,,,1.36,0.05,0.0
76933,Africa,Nigeria,2021-01-10,100087.0,1024.0,1358.0,8.0,211400704.0,1025560.0,,,1.36,0.05,0.0
76934,Africa,Nigeria,2021-01-11,101331.0,1244.0,1361.0,3.0,211400704.0,1033858.0,,,1.34,0.05,0.0
76935,Africa,Nigeria,2021-01-12,102601.0,1270.0,1373.0,12.0,211400704.0,,,,1.34,0.05,0.0
76936,Africa,Nigeria,2021-01-13,103999.0,1398.0,1382.0,9.0,211400704.0,,,,1.33,0.05,0.0
76937,Africa,Nigeria,2021-01-14,105478.0,1479.0,1405.0,23.0,211400704.0,1135535.0,,,1.33,0.05,0.0
76938,Africa,Nigeria,2021-01-15,107345.0,1867.0,1413.0,8.0,211400704.0,1141147.0,,,1.32,0.05,0.0
76939,Africa,Nigeria,2021-01-16,108943.0,1598.0,1420.0,7.0,211400704.0,1147523.0,,,1.3,0.05,0.0
76940,Africa,Nigeria,2021-01-17,110387.0,1444.0,1435.0,15.0,211400704.0,1154138.0,,,1.3,0.05,0.0
76941,Africa,Nigeria,2021-01-18,112004.0,1617.0,1449.0,14.0,211400704.0,1172234.0,,,1.29,0.05,0.0
76942,Africa,Nigeria,2021-01-19,113305.0,1301.0,1464.0,15.0,211400704.0,1191866.0,,,1.29,0.05,0.0
76943,Africa,Nigeria,2021-01-20,114691.0,1386.0,1478.0,14.0,211400704.0,1198758.0,,,1.29,0.05,0.0
76944,Africa,Nigeria,2021-01-21,116655.0,1964.0,1485.0,7.0,211400704.0,1203113.0,,,1.27,0.06,0.0
76945,Africa,Nigeria,2021-01-22,118138.0,1483.0,1490.0,5.0,211400704.0,1225179.0,,,1.26,0.06,0.0
76946,Africa,Nigeria,2021-01-23,120602.0,2464.0,1502.0,12.0,211400704.0,1241230.0,,,1.25,0.06,0.0
76947,Africa,Nigeria,2021-01-24,121566.0,964.0,1504.0,2.0,211400704.0,1258534.0,,,1.24,0.06,0.0
76948,Africa,Nigeria,2021-01-25,122996.0,1430.0,1507.0,3.0,211400704.0,1270523.0,,,1.23,0.06,0.0
76949,Africa,Nigeria,2021-01-26,124299.0,1303.0,1522.0,15.0,211400704.0,,,,1.22,0.06,0.0
76950,Africa,Nigeria,2021-01-27,126160.0,1861.0,1543.0,21.0,211400704.0,,,,1.22,0.06,0.0
76951,Africa,Nigeria,2021-01-28,127024.0,864.0,1547.0,4.0,211400704.0,,,,1.22,0.06,0.0
76952,Africa,Nigeria,2021-01-29,128674.0,1650.0,1577.0,30.0,211400704.0,,,,1.23,0.06,0.0
76953,Africa,Nigeria,2021-01-30,130557.0,1883.0,1578.0,1.0,211400704.0,,,,1.21,0.06,0.0
76954,Africa,Nigeria,2021-01-31,131242.0,685.0,1586.0,8.0,211400704.0,1302410.0,,,1.21,0.06,0.0
76955,Africa,Nigeria,2021-02-01,131918.0,676.0,1607.0,21.0,211400704.0,,,,1.22,0.06,0.0
76956,Africa,Nigeria,2021-02-02,133552.0,1634.0,1613.0,6.0,211400704.0,,,,1.21,0.06,0.0
76957,Africa,Nigeria,2021-02-03,134690.0,1138.0,1618.0,5.0,211400704.0,,,,1.2,0.06,0.0
76958,Africa,Nigeria,2021-02-04,136030.0,1340.0,1632.0,14.0,211400704.0,,,,1.2,0.06,0.0
76959,Africa,Nigeria,2021-02-05,137654.0,1624.0,1641.0,9.0,211400704.0,,,,1.19,0.07,0.0
76960,Africa,Nigeria,2021-02-06,139242.0,1588.0,1647.0,6.0,211400704.0,,,,1.18,0.07,0.0
76961,Africa,Nigeria,2021-02-07,139748.0,506.0,1667.0,20.0,211400704.0,,,,1.19,0.07,0.0
76962,Africa,Nigeria,2021-02-08,140391.0,643.0,1673.0,6.0,211400704.0,1398630.0,,,1.19,0.07,0.0
76963,Africa,Nigeria,2021-02-09,141447.0,1056.0,1694.0,21.0,211400704.0,,,,1.2,0.07,0.0
76964,Africa,Nigeria,2021-02-10,142578.0,1131.0,1702.0,8.0,211400704.0,,,,1.19,0.07,0.0
76965,Africa,Nigeria,2021-02-11,143516.0,938.0,1710.0,8.0,211400704.0,,,,1.19,0.07,0.0
76966,Africa,Nigeria,2021-02-12,144521.0,1005.0,1734.0,24.0,211400704.0,,,,1.2,0.07,0.0
76967,Africa,Nigeria,2021-02-13,145664.0,1143.0,1747.0,13.0,211400704.0,,,,1.2,0.07,0.0
76968,Africa,Nigeria,2021-02-14,146184.0,520.0,1752.0,5.0,211400704.0,,,,1.2,0.07,0.0
76969,Africa,Nigeria,2021-02-15,146928.0,744.0,1761.0,9.0,211400704.0,1441013.0,,,1.2,0.07,0.0
76970,Africa,Nigeria,2021-02-16,148296.0,1368.0,1777.0,16.0,211400704.0,,,,1.2,0.07,0.0
76971,Africa,Nigeria,2021-02-17,149369.0,1073.0,1787.0,10.0,211400704.0,,,,1.2,0.07,0.0
76972,Africa,Nigeria,2021-02-18,150246.0,877.0,1803.0,16.0,211400704.0,,,,1.2,0.07,0.0
76973,Africa,Nigeria,2021-02-19,150908.0,662.0,1813.0,10.0,211400704.0,,,,1.2,0.07,0.0
76974,Africa,Nigeria,2021-02-20,151553.0,645.0,1831.0,18.0,211400704.0,,,,1.21,0.07,0.0
76975,Africa,Nigeria,2021-02-21,152074.0,521.0,1839.0,8.0,211400704.0,,,,1.21,0.07,0.0
76976,Africa,Nigeria,2021-02-22,152616.0,542.0,1862.0,23.0,211400704.0,1489103.0,,,1.22,0.07,0.0
76977,Africa,Nigeria,2021-02-23,153187.0,571.0,1874.0,12.0,211400704.0,,,,1.22,0.07,0.0
76978,Africa,Nigeria,2021-02-24,153842.0,655.0,1885.0,11.0,211400704.0,,,,1.23,0.07,0.0
76979,Africa,Nigeria,2021-02-25,154476.0,634.0,1891.0,6.0,211400704.0,,,,1.22,0.07,0.0
76980,Africa,Nigeria,2021-02-26,155076.0,600.0,1902.0,11.0,211400704.0,,,,1.23,0.07,0.0
76981,Africa,Nigeria,2021-02-27,155417.0,341.0,1905.0,3.0,211400704.0,,,,1.23,0.07,0.0
76982,Africa,Nigeria,2021-02-28,155657.0,240.0,1907.0,2.0,211400704.0,,,,1.23,0.07,0.0
76983,Africa,Nigeria,2021-03-01,156017.0,360.0,1915.0,8.0,211400704.0,1544008.0,,,1.23,0.07,0.0
76984,Africa,Nigeria,2021-03-02,156496.0,479.0,1923.0,8.0,211400704.0,,,,1.23,0.07,0.0
76985,Africa,Nigeria,2021-03-03,156960.0,464.0,1939.0,16.0,211400704.0,,,,1.24,0.07,0.0
76986,Africa,Nigeria,2021-03-04,157671.0,711.0,1951.0,12.0,211400704.0,,0.0,0.0,1.24,0.07,0.0
76987,Africa,Nigeria,2021-03-05,158042.0,371.0,1954.0,3.0,211400704.0,,,,1.24,0.07,0.0
76988,Africa,Nigeria,2021-03-06,158237.0,195.0,1964.0,10.0,211400704.0,,,,1.24,0.07,0.0
76989,Africa,Nigeria,2021-03-07,158506.0,269.0,1969.0,5.0,211400704.0,,,,1.24,0.07,0.0
76990,Africa,Nigeria,2021-03-08,158906.0,400.0,1982.0,13.0,211400704.0,1601396.0,,,1.25,0.08,0.0
76991,Africa,Nigeria,2021-03-09,159252.0,346.0,1988.0,6.0,211400704.0,,,,1.25,0.08,0.0
76992,Africa,Nigeria,2021-03-10,159646.0,394.0,1993.0,5.0,211400704.0,,,,1.25,0.08,0.0
76993,Africa,Nigeria,2021-03-11,159933.0,287.0,2001.0,8.0,211400704.0,,,,1.25,0.08,0.0
76994,Africa,Nigeria,2021-03-12,160332.0,399.0,2009.0,8.0,211400704.0,,,,1.25,0.08,0.0
76995,Africa,Nigeria,2021-03-13,160537.0,205.0,2013.0,4.0,211400704.0,,,,1.25,0.08,0.0
76996,Africa,Nigeria,2021-03-14,160657.0,120.0,2013.0,0.0,211400704.0,,,,1.25,0.08,0.0
76997,Africa,Nigeria,2021-03-15,160895.0,238.0,2016.0,3.0,211400704.0,1684305.0,8000.0,8000.0,1.25,0.08,0.0
76998,Africa,Nigeria,2021-03-16,161074.0,179.0,2018.0,2.0,211400704.0,,,,1.25,0.08,0.0
76999,Africa,Nigeria,2021-03-17,161261.0,187.0,2027.0,9.0,211400704.0,,,,1.26,0.08,0.0
77000,Africa,Nigeria,2021-03-18,161409.0,148.0,2027.0,0.0,211400704.0,,,,1.26,0.08,0.0
77001,Africa,Nigeria,2021-03-19,161539.0,130.0,2027.0,0.0,211400704.0,,,,1.25,0.08,0.0
77002,Africa,Nigeria,2021-03-20,161651.0,112.0,2030.0,3.0,211400704.0,,,,1.26,0.08,0.0
77003,Africa,Nigeria,2021-03-21,161737.0,86.0,2030.0,0.0,211400704.0,,,,1.26,0.08,0.0
77004,Africa,Nigeria,2021-03-22,161868.0,131.0,2030.0,0.0,211400704.0,1727467.0,,,1.25,0.08,0.0
77005,Africa,Nigeria,2021-03-23,162076.0,208.0,2031.0,1.0,211400704.0,,,,1.25,0.08,0.0
77006,Africa,Nigeria,2021-03-24,162178.0,102.0,2031.0,0.0,211400704.0,,277458.0,277458.0,1.25,0.08,0.0
77007,Africa,Nigeria,2021-03-25,162275.0,97.0,2036.0,5.0,211400704.0,,,,1.25,0.08,0.0
77008,Africa,Nigeria,2021-03-26,162388.0,113.0,2039.0,3.0,211400704.0,,,,1.26,0.08,0.0
77009,Africa,Nigeria,2021-03-27,162489.0,101.0,2041.0,2.0,211400704.0,,,,1.26,0.08,0.0
77010,Africa,Nigeria,2021-03-28,162593.0,104.0,2048.0,7.0,211400704.0,,513626.0,513626.0,1.26,0.08,0.0
77011,Africa,Nigeria,2021-03-29,162641.0,48.0,2049.0,1.0,211400704.0,1767694.0,,,1.26,0.08,0.0
77012,Africa,Nigeria,2021-03-30,162762.0,121.0,2056.0,7.0,211400704.0,,,,1.26,0.08,0.0
77013,Africa,Nigeria,2021-03-31,162891.0,129.0,2057.0,1.0,211400704.0,,718412.0,718412.0,1.26,0.08,0.0
77014,Africa,Nigeria,2021-04-01,162997.0,106.0,2058.0,1.0,211400704.0,,818865.0,818865.0,1.26,0.08,0.0
77015,Africa,Nigeria,2021-04-02,163063.0,66.0,2058.0,0.0,211400704.0,,,,1.26,0.08,0.0
77016,Africa,Nigeria,2021-04-03,163113.0,50.0,2058.0,0.0,211400704.0,,,,1.26,0.08,0.0
77017,Africa,Nigeria,2021-04-04,163195.0,82.0,2058.0,0.0,211400704.0,,,,1.26,0.08,0.0
77018,Africa,Nigeria,2021-04-05,163330.0,135.0,2058.0,0.0,211400704.0,1803177.0,,,1.26,0.08,0.0
77019,Africa,Nigeria,2021-04-06,163388.0,58.0,2058.0,0.0,211400704.0,,964387.0,964387.0,1.26,0.08,0.0
77020,Africa,Nigeria,2021-04-07,163498.0,110.0,2058.0,0.0,211400704.0,,,,1.26,0.08,0.0
77021,Africa,Nigeria,2021-04-08,163581.0,83.0,2058.0,0.0,211400704.0,,,,1.26,0.08,0.0
77022,Africa,Nigeria,2021-04-09,163652.0,71.0,2059.0,1.0,211400704.0,,,,1.26,0.08,0.0
77023,Africa,Nigeria,2021-04-10,163736.0,84.0,2060.0,1.0,211400704.0,,,,1.26,0.08,0.0
77024,Africa,Nigeria,2021-04-11,163799.0,63.0,2060.0,0.0,211400704.0,,,,1.26,0.08,0.0
77025,Africa,Nigeria,2021-04-12,163837.0,38.0,2061.0,1.0,211400704.0,1838174.0,,,1.26,0.08,0.0
77026,Africa,Nigeria,2021-04-13,163911.0,74.0,2061.0,0.0,211400704.0,,,,1.26,0.08,0.0
77027,Africa,Nigeria,2021-04-14,164000.0,89.0,2061.0,0.0,211400704.0,,1043737.0,1043737.0,1.26,0.08,0.0
77028,Africa,Nigeria,2021-04-15,164080.0,80.0,2061.0,0.0,211400704.0,,1051096.0,1051096.0,1.26,0.08,0.0
77029,Africa,Nigeria,2021-04-16,164147.0,67.0,2061.0,0.0,211400704.0,,1081548.0,1081548.0,1.26,0.08,0.0
77030,Africa,Nigeria,2021-04-17,164207.0,60.0,2061.0,0.0,211400704.0,,,,1.26,0.08,0.0
77031,Africa,Nigeria,2021-04-18,164233.0,26.0,2061.0,0.0,211400704.0,,1096727.0,1096727.0,1.25,0.08,0.0
77032,Africa,Nigeria,2021-04-19,164303.0,70.0,2061.0,0.0,211400704.0,1870915.0,1101827.0,1101827.0,1.25,0.08,0.0
77033,Africa,Nigeria,2021-04-20,164423.0,120.0,2061.0,0.0,211400704.0,,1114408.0,1114408.0,1.25,0.08,0.0
77034,Africa,Nigeria,2021-04-21,164488.0,65.0,2061.0,0.0,211400704.0,,1133325.0,1133325.0,1.25,0.08,0.0
77035,Africa,Nigeria,2021-04-22,164588.0,100.0,2061.0,0.0,211400704.0,,1148168.0,1148168.0,1.25,0.08,0.0
77036,Africa,Nigeria,2021-04-23,164633.0,45.0,2061.0,0.0,211400704.0,,1158582.0,1158582.0,1.25,0.08,0.0
77037,Africa,Nigeria,2021-04-24,164684.0,51.0,2061.0,0.0,211400704.0,,1167837.0,1167837.0,1.25,0.08,0.0
77038,Africa,Nigeria,2021-04-25,164719.0,35.0,2062.0,1.0,211400704.0,,1171515.0,1171515.0,1.25,0.08,0.0
77039,Africa,Nigeria,2021-04-26,164756.0,37.0,2062.0,0.0,211400704.0,1912628.0,1175285.0,1175285.0,1.25,0.08,0.0
77040,Africa,Nigeria,2021-04-27,164912.0,156.0,2063.0,1.0,211400704.0,,1181941.0,1181941.0,1.25,0.08,0.0
77041,Africa,Nigeria,2021-04-28,164993.0,81.0,2063.0,0.0,211400704.0,,1191563.0,1191563.0,1.25,0.08,0.0
77042,Africa,Nigeria,2021-04-29,165055.0,62.0,2063.0,0.0,211400704.0,,,,1.25,0.08,0.0
77043,Africa,Nigeria,2021-04-30,165110.0,55.0,2063.0,0.0,211400704.0,,,,1.25,0.08,0.0
77044,Africa,Nigeria,2021-05-01,165110.0,0.0,2063.0,0.0,211400704.0,,1222109.0,1222109.0,1.25,0.08,0.0
77045,Africa,Nigeria,2021-05-02,165153.0,43.0,2063.0,0.0,211400704.0,,1229733.0,1229733.0,1.25,0.08,0.0
77046,Africa,Nigeria,2021-05-03,165199.0,46.0,2063.0,0.0,211400704.0,1939165.0,1236815.0,1236815.0,1.25,0.08,0.0
77047,Africa,Nigeria,2021-05-04,165215.0,16.0,2063.0,0.0,211400704.0,,1246845.0,1246845.0,1.25,0.08,0.0
77048,Africa,Nigeria,2021-05-05,165273.0,58.0,2065.0,2.0,211400704.0,,1266742.0,1266742.0,1.25,0.08,0.0
77049,Africa,Nigeria,2021-05-06,165301.0,28.0,2065.0,0.0,211400704.0,,1289773.0,1289773.0,1.25,0.08,0.0
77050,Africa,Nigeria,2021-05-07,165340.0,39.0,2065.0,0.0,211400704.0,,1615787.0,1615787.0,1.25,0.08,0.0
77051,Africa,Nigeria,2021-05-08,165370.0,30.0,2065.0,0.0,211400704.0,,1653292.0,1653292.0,1.25,0.08,0.0
77052,Africa,Nigeria,2021-05-09,165419.0,49.0,2065.0,0.0,211400704.0,,1665698.0,1665698.0,1.25,0.08,0.0
77053,Africa,Nigeria,2021-05-10,165468.0,49.0,2065.0,0.0,211400704.0,1977479.0,1697243.0,1697243.0,1.25,0.08,0.0
77054,Africa,Nigeria,2021-05-11,165515.0,47.0,2065.0,0.0,211400704.0,,1713306.0,1713306.0,1.25,0.08,0.0
77055,Africa,Nigeria,2021-05-12,165559.0,44.0,2066.0,1.0,211400704.0,,1748242.0,1748242.0,1.25,0.08,0.0
77056,Africa,Nigeria,2021-05-13,165612.0,53.0,2066.0,0.0,211400704.0,,1763552.0,1763552.0,1.25,0.08,0.0
77057,Africa,Nigeria,2021-05-14,165661.0,49.0,2066.0,0.0,211400704.0,,1767488.0,1767488.0,1.25,0.08,0.0
77058,Africa,Nigeria,2021-05-15,165702.0,41.0,2066.0,0.0,211400704.0,,1794552.0,1794552.0,1.25,0.08,0.0
77059,Africa,Nigeria,2021-05-16,165709.0,7.0,2066.0,0.0,211400704.0,,1811795.0,1811795.0,1.25,0.08,0.0
77060,Africa,Nigeria,2021-05-17,165778.0,69.0,2067.0,1.0,211400704.0,2002653.0,1823095.0,1823095.0,1.25,0.08,0.0
77061,Africa,Nigeria,2021-05-18,165778.0,0.0,2067.0,0.0,211400704.0,,1842437.0,1842437.0,1.25,0.08,0.0
77062,Africa,Nigeria,2021-05-19,165852.0,74.0,2067.0,0.0,211400704.0,,1880788.0,1880788.0,1.25,0.08,0.0
77063,Africa,Nigeria,2021-05-20,165901.0,49.0,2067.0,0.0,211400704.0,,1894794.0,1894794.0,1.25,0.08,0.0
77064,Africa,Nigeria,2021-05-21,165944.0,43.0,2067.0,0.0,211400704.0,,1911254.0,1911254.0,1.25,0.08,0.0
77065,Africa,Nigeria,2021-05-22,165979.0,35.0,2067.0,0.0,211400704.0,,1927141.0,1927141.0,1.25,0.08,0.0
77066,Africa,Nigeria,2021-05-23,166019.0,40.0,2067.0,0.0,211400704.0,,1929237.0,1929237.0,1.25,0.08,0.0
77067,Africa,Nigeria,2021-05-24,166061.0,42.0,2067.0,0.0,211400704.0,2093243.0,,,1.24,0.08,0.0
77068,Africa,Nigeria,2021-05-25,166098.0,37.0,2071.0,4.0,211400704.0,,1939737.0,1930922.0,1.25,0.08,0.0
77069,Africa,Nigeria,2021-05-26,166146.0,48.0,2071.0,0.0,211400704.0,,1953870.0,1938611.0,1.25,0.08,0.0
77070,Africa,Nigeria,2021-05-27,166191.0,45.0,2071.0,0.0,211400704.0,,1967435.0,1945273.0,1.25,0.08,0.0
77071,Africa,Nigeria,2021-05-28,166254.0,63.0,2071.0,0.0,211400704.0,,1984242.0,1950298.0,1.25,0.08,0.0
77072,Africa,Nigeria,2021-05-29,166285.0,31.0,2071.0,0.0,211400704.0,,1996914.0,1952694.0,1.25,0.08,0.0
77073,Africa,Nigeria,2021-05-30,166315.0,30.0,2071.0,0.0,211400704.0,,2014590.0,1955652.0,1.25,0.08,0.0
77074,Africa,Nigeria,2021-05-31,166518.0,203.0,2099.0,28.0,211400704.0,2133061.0,2030063.0,1956598.0,1.26,0.08,0.0
77075,Africa,Nigeria,2021-06-01,166534.0,16.0,2099.0,0.0,211400704.0,,2051228.0,1960493.0,1.26,0.08,0.0
77076,Africa,Nigeria,2021-06-02,166560.0,26.0,2099.0,0.0,211400704.0,,2110141.0,1961883.0,1.26,0.08,0.0
77077,Africa,Nigeria,2021-06-03,166682.0,122.0,2117.0,18.0,211400704.0,,,,1.27,0.08,0.0
77078,Africa,Nigeria,2021-06-04,166730.0,48.0,2117.0,0.0,211400704.0,,2225765.0,1964095.0,1.27,0.08,0.0
77079,Africa,Nigeria,2021-06-05,166756.0,26.0,2117.0,0.0,211400704.0,,,,1.27,0.08,0.0
77080,Africa,Nigeria,2021-06-06,166767.0,11.0,2117.0,0.0,211400704.0,,,,1.27,0.08,0.0
77081,Africa,Nigeria,2021-06-07,166816.0,49.0,2117.0,0.0,211400704.0,2180444.0,,,1.27,0.08,0.0
77082,Africa,Nigeria,2021-06-08,166918.0,102.0,2117.0,0.0,211400704.0,,,,1.27,0.08,0.0
77083,Africa,Nigeria,2021-06-09,166982.0,64.0,2117.0,0.0,211400704.0,,,,1.27,0.08,0.0
77084,Africa,Nigeria,2021-06-10,166982.0,0.0,2117.0,0.0,211400704.0,,,,1.27,0.08,0.0
77085,Africa,Nigeria,2021-06-11,167051.0,69.0,2117.0,0.0,211400704.0,,,,1.27,0.08,0.0
77086,Africa,Nigeria,2021-06-12,167059.0,8.0,2117.0,0.0,211400704.0,,,,1.27,0.08,0.0
77087,Africa,Nigeria,2021-06-13,167066.0,7.0,2117.0,0.0,211400704.0,,,,1.27,0.08,0.0
77088,Africa,Nigeria,2021-06-14,167078.0,12.0,2117.0,0.0,211400704.0,2231409.0,,,1.27,0.08,0.0
77089,Africa,Nigeria,2021-06-15,167095.0,17.0,2117.0,0.0,211400704.0,,2659153.0,1978808.0,1.27,0.08,0.0
77090,Africa,Nigeria,2021-06-16,167103.0,8.0,2117.0,0.0,211400704.0,,,,1.27,0.08,0.0
77091,Africa,Nigeria,2021-06-17,167142.0,39.0,2117.0,0.0,211400704.0,,,,1.27,0.08,0.0
77092,Africa,Nigeria,2021-06-18,167155.0,13.0,2117.0,0.0,211400704.0,,,,1.27,0.08,0.0
77093,Africa,Nigeria,2021-06-19,167206.0,51.0,2117.0,0.0,211400704.0,,,,1.27,0.08,0.0
77094,Africa,Nigeria,2021-06-20,167206.0,0.0,2117.0,0.0,211400704.0,,,,1.27,0.08,0.0
77095,Africa,Nigeria,2021-06-21,167292.0,86.0,2118.0,1.0,211400704.0,2266591.0,,,1.27,0.08,0.0
77096,Africa,Nigeria,2021-06-22,167331.0,39.0,2118.0,0.0,211400704.0,,,,1.27,0.08,0.0
77097,Africa,Nigeria,2021-06-23,167375.0,44.0,2118.0,0.0,211400704.0,,,,1.27,0.08,0.0
77098,Africa,Nigeria,2021-06-24,167401.0,26.0,2118.0,0.0,211400704.0,,3104802.0,2099568.0,1.27,0.08,0.0
77099,Africa,Nigeria,2021-06-25,167430.0,29.0,2119.0,1.0,211400704.0,,,,1.27,0.08,0.0
77100,Africa,Nigeria,2021-06-26,167465.0,35.0,2119.0,0.0,211400704.0,,,,1.27,0.08,0.0
77101,Africa,Nigeria,2021-06-27,167467.0,2.0,2119.0,0.0,211400704.0,,,,1.27,0.08,0.0
77102,Africa,Nigeria,2021-06-28,167532.0,65.0,2119.0,0.0,211400704.0,2300266.0,3397472.0,2241662.0,1.26,0.08,0.0
77103,Africa,Nigeria,2021-06-29,167543.0,11.0,2120.0,1.0,211400704.0,,,,1.27,0.08,0.0
77104,Africa,Nigeria,2021-06-30,167618.0,75.0,2120.0,0.0,211400704.0,,,,1.26,0.08,0.0
77105,Africa,Nigeria,2021-07-01,167692.0,74.0,2121.0,1.0,211400704.0,,,,1.26,0.08,0.0
77106,Africa,Nigeria,2021-07-02,167732.0,40.0,2121.0,0.0,211400704.0,,,,1.26,0.08,0.0
77107,Africa,Nigeria,2021-07-03,167803.0,71.0,2121.0,0.0,211400704.0,,,,1.26,0.08,0.0
77108,Africa,Nigeria,2021-07-04,167859.0,56.0,2121.0,0.0,211400704.0,,,,1.26,0.08,0.0
77109,Africa,Nigeria,2021-07-05,167909.0,50.0,2122.0,1.0,211400704.0,2331734.0,3832459.0,2476637.0,1.26,0.08,0.0
77110,Africa,Nigeria,2021-07-06,168000.0,91.0,2122.0,0.0,211400704.0,,,,1.26,0.08,0.0
77111,Africa,Nigeria,2021-07-07,168110.0,110.0,2122.0,0.0,211400704.0,,,,1.26,0.08,0.0
77112,Africa,Nigeria,2021-07-08,168256.0,146.0,2122.0,0.0,211400704.0,,,,1.26,0.08,0.0
77113,Africa,Nigeria,2021-07-09,168442.0,186.0,2122.0,0.0,211400704.0,,,,1.26,0.08,0.0
77114,Africa,Nigeria,2021-07-10,168540.0,98.0,2122.0,0.0,211400704.0,,,,1.26,0.08,0.0
77115,Africa,Nigeria,2021-07-11,168552.0,12.0,2124.0,2.0,211400704.0,,,,1.26,0.08,0.0
77116,Africa,Nigeria,2021-07-12,168713.0,161.0,2124.0,0.0,211400704.0,2362757.0,3938945.0,2534205.0,1.26,0.08,0.0
77117,Africa,Nigeria,2021-07-13,168867.0,154.0,2125.0,1.0,211400704.0,,,,1.26,0.08,0.0
77118,Africa,Nigeria,2021-07-14,168915.0,48.0,2125.0,0.0,211400704.0,,,,1.26,0.08,0.0
77119,Africa,Nigeria,2021-07-15,169074.0,159.0,2126.0,1.0,211400704.0,,,,1.26,0.08,0.0
77120,Africa,Nigeria,2021-07-16,169206.0,132.0,2126.0,0.0,211400704.0,,,,1.26,0.08,0.0
77121,Africa,Nigeria,2021-07-17,169329.0,123.0,2126.0,0.0,211400704.0,,,,1.26,0.08,0.0
77122,Africa,Nigeria,2021-07-18,169532.0,203.0,2127.0,1.0,211400704.0,,,,1.25,0.08,0.0
77123,Africa,Nigeria,2021-07-19,169678.0,146.0,2128.0,1.0,211400704.0,,,,1.25,0.08,0.0
77124,Africa,Nigeria,2021-07-20,169884.0,206.0,2128.0,0.0,211400704.0,2401894.0,,,1.25,0.08,0.0
77125,Africa,Nigeria,2021-07-21,169884.0,0.0,2128.0,0.0,211400704.0,,,,1.25,0.08,0.0
77126,Africa,Nigeria,2021-07-22,170306.0,422.0,2130.0,2.0,211400704.0,,,,1.25,0.08,0.0
77127,Africa,Nigeria,2021-07-23,170306.0,0.0,2130.0,0.0,211400704.0,,,,1.25,0.08,0.0
77128,Africa,Nigeria,2021-07-24,170895.0,589.0,2132.0,2.0,211400704.0,,,,1.25,0.08,0.0
77129,Africa,Nigeria,2021-07-25,171111.0,216.0,2132.0,0.0,211400704.0,,,,1.25,0.08,0.0
77130,Africa,Nigeria,2021-07-26,171324.0,213.0,2134.0,2.0,211400704.0,,,,1.25,0.08,0.0
77131,Africa,Nigeria,2021-07-27,171728.0,404.0,2134.0,0.0,211400704.0,2439850.0,,,1.24,0.08,0.0
77132,Africa,Nigeria,2021-07-28,172263.0,535.0,2139.0,5.0,211400704.0,,,,1.24,0.08,0.0
77133,Africa,Nigeria,2021-07-29,172821.0,558.0,2141.0,2.0,211400704.0,,,,1.24,0.08,0.0
77134,Africa,Nigeria,2021-07-30,173411.0,590.0,2149.0,8.0,211400704.0,,,,1.24,0.08,0.0
77135,Africa,Nigeria,2021-07-31,173908.0,497.0,2149.0,0.0,211400704.0,,,,1.24,0.08,0.0
77136,Africa,Nigeria,2021-08-01,174315.0,407.0,2149.0,0.0,211400704.0,,,,1.23,0.08,0.0
77137,Africa,Nigeria,2021-08-02,174759.0,444.0,2160.0,11.0,211400704.0,,,,1.24,0.08,0.0
77138,Africa,Nigeria,2021-08-03,175264.0,505.0,2163.0,3.0,211400704.0,2542261.0,,,1.23,0.08,0.0
77139,Africa,Nigeria,2021-08-04,176011.0,747.0,2167.0,4.0,211400704.0,,,,1.23,0.08,0.0
77140,Africa,Nigeria,2021-08-05,176577.0,566.0,2178.0,11.0,211400704.0,,,,1.23,0.08,0.0
77141,Africa,Nigeria,2021-08-06,177142.0,565.0,2181.0,3.0,211400704.0,,,,1.23,0.08,0.0
77142,Africa,Nigeria,2021-08-07,177615.0,473.0,2185.0,4.0,211400704.0,,,,1.23,0.08,0.0
77143,Africa,Nigeria,2021-08-08,178086.0,471.0,2187.0,2.0,211400704.0,,,,1.23,0.08,0.0
77144,Africa,Nigeria,2021-08-09,178508.0,422.0,2192.0,5.0,211400704.0,2589130.0,3967013.0,2550390.0,1.23,0.08,0.0
77145,Africa,Nigeria,2021-08-10,179118.0,610.0,2194.0,2.0,211400704.0,,,,1.22,0.08,0.0
77146,Africa,Nigeria,2021-08-11,179908.0,790.0,2195.0,1.0,211400704.0,,,,1.22,0.09,0.0
77147,Africa,Nigeria,2021-08-12,180661.0,753.0,2200.0,5.0,211400704.0,,,,1.22,0.09,0.0
77148,Africa,Nigeria,2021-08-13,181297.0,636.0,2211.0,11.0,211400704.0,,,,1.22,0.09,0.0
77149,Africa,Nigeria,2021-08-14,181962.0,665.0,2219.0,8.0,211400704.0,,,,1.22,0.09,0.0
77150,Africa,Nigeria,2021-08-15,182503.0,541.0,2219.0,0.0,211400704.0,,,,1.22,0.09,0.0
77151,Africa,Nigeria,2021-08-16,183087.0,584.0,2223.0,4.0,211400704.0,,,,1.21,0.09,0.0
77152,Africa,Nigeria,2021-08-17,183444.0,357.0,2229.0,6.0,211400704.0,2648684.0,,,1.22,0.09,0.0
77153,Africa,Nigeria,2021-08-18,183444.0,0.0,2229.0,0.0,211400704.0,,,,1.22,0.09,0.0
77154,Africa,Nigeria,2021-08-19,185267.0,1823.0,2244.0,15.0,211400704.0,,,,1.21,0.09,0.0
77155,Africa,Nigeria,2021-08-20,185571.0,304.0,2247.0,3.0,211400704.0,,,,1.21,0.09,0.0
77156,Africa,Nigeria,2021-08-21,185571.0,0.0,2247.0,0.0,211400704.0,,,,1.21,0.09,0.0
77157,Africa,Nigeria,2021-08-22,187023.0,1452.0,2268.0,21.0,211400704.0,,,,1.21,0.09,0.0
77158,Africa,Nigeria,2021-08-23,187588.0,565.0,2276.0,8.0,211400704.0,2727834.0,,,1.21,0.09,0.0
77159,Africa,Nigeria,2021-08-24,188243.0,655.0,2281.0,5.0,211400704.0,,,,1.21,0.09,0.0
77160,Africa,Nigeria,2021-08-25,188880.0,637.0,2288.0,7.0,211400704.0,,,,1.21,0.09,0.0
77161,Africa,Nigeria,2021-08-26,189715.0,835.0,2298.0,10.0,211400704.0,,,,1.21,0.09,0.0
77162,Africa,Nigeria,2021-08-27,190333.0,618.0,2308.0,10.0,211400704.0,,,,1.21,0.09,0.0
77163,Africa,Nigeria,2021-08-28,190983.0,650.0,2361.0,53.0,211400704.0,,4182515.0,2756203.0,1.24,0.09,0.0
77164,Africa,Nigeria,2021-08-29,191345.0,362.0,2454.0,93.0,211400704.0,2779725.0,,,1.28,0.09,0.0
77165,Africa,Nigeria,2021-08-30,191805.0,460.0,2455.0,1.0,211400704.0,,,,1.28,0.09,0.0
77166,Africa,Nigeria,2021-08-31,192431.0,626.0,2469.0,14.0,211400704.0,,4432282.0,2994933.0,1.28,0.09,0.0
77167,Africa,Nigeria,2021-09-01,193013.0,582.0,2480.0,11.0,211400704.0,,,,1.28,0.09,0.0
77168,Africa,Nigeria,2021-09-02,193644.0,631.0,2488.0,8.0,211400704.0,,,,1.28,0.09,0.0
77169,Africa,Nigeria,2021-09-03,194088.0,444.0,2495.0,7.0,211400704.0,,,,1.29,0.09,0.0
77170,Africa,Nigeria,2021-09-04,195052.0,964.0,2522.0,27.0,211400704.0,,,,1.29,0.09,0.0
77171,Africa,Nigeria,2021-09-05,195511.0,459.0,2552.0,30.0,211400704.0,,5001836.0,3461713.0,1.31,0.09,0.0
77172,Africa,Nigeria,2021-09-06,195890.0,379.0,2556.0,4.0,211400704.0,2884034.0,5176869.0,3600858.0,1.3,0.09,0.0
77173,Africa,Nigeria,2021-09-07,196487.0,597.0,2573.0,17.0,211400704.0,,,,1.31,0.09,0.0
77174,Africa,Nigeria,2021-09-08,197046.0,559.0,2578.0,5.0,211400704.0,,,,1.31,0.09,0.0
77175,Africa,Nigeria,2021-09-09,197773.0,727.0,2585.0,7.0,211400704.0,,,,1.31,0.09,0.0
77176,Africa,Nigeria,2021-09-10,198239.0,466.0,2588.0,3.0,211400704.0,,,,1.31,0.09,0.0
77177,Africa,Nigeria,2021-09-11,198786.0,547.0,2590.0,2.0,211400704.0,,,,1.3,0.09,0.0
77178,Africa,Nigeria,2021-09-12,199151.0,365.0,2598.0,8.0,211400704.0,2942578.0,5712019.0,4024704.0,1.3,0.09,0.0
77179,Africa,Nigeria,2021-09-13,199538.0,387.0,2619.0,21.0,211400704.0,,,,1.31,0.09,0.0
77180,Africa,Nigeria,2021-09-14,200057.0,519.0,2637.0,18.0,211400704.0,,,,1.32,0.09,0.0
